5-Teves,Jan-01-2009,
6-Teves,Jan-02-2009,
7-Teves,Jan-03-2009,
8-Teves,Jan-04-2009,
9-Teves,Jan-05-2009,
10-Teves,Jan-06-2009,
11-Teves,Jan-07-2009,
12-Teves,Jan-08-2009,
13-Teves,Jan-09-2009,
14-Teves,Jan-10-2009,
15-Teves,Jan-11-2009,
16-Teves,Jan-12-2009,
17-Teves,Jan-13-2009,
18-Teves,Jan-14-2009,
19-Teves,Jan-15-2009,
20-Teves,Jan-16-2009,
21-Teves,Jan-17-2009,
22-Teves,Jan-18-2009,
23-Teves,Jan-19-2009,
24-Teves,Jan-20-2009,
25-Teves,Jan-21-2009,
26-Teves,Jan-22-2009,
27-Teves,Jan-23-2009,
28-Teves,Jan-24-2009,
29-Teves,Jan-25-2009,
1-Shvat,Jan-26-2009,
2-Shvat,Jan-27-2009,
3-Shvat,Jan-28-2009,
4-Shvat,Jan-29-2009,
5-Shvat,Jan-30-2009,
6-Shvat,Jan-31-2009,
7-Shvat,Feb-01-2009,
8-Shvat,Feb-02-2009,
9-Shvat,Feb-03-2009,
10-Shvat,Feb-04-2009,
11-Shvat,Feb-05-2009,
12-Shvat,Feb-06-2009,
13-Shvat,Feb-07-2009,
14-Shvat,Feb-08-2009,
15-Shvat,Feb-09-2009,
16-Shvat,Feb-10-2009,
17-Shvat,Feb-11-2009,
18-Shvat,Feb-12-2009,
19-Shvat,Feb-13-2009,
20-Shvat,Feb-14-2009,
21-Shvat,Feb-15-2009,
22-Shvat,Feb-16-2009,
23-Shvat,Feb-17-2009,
24-Shvat,Feb-18-2009,
25-Shvat,Feb-19-2009,
26-Shvat,Feb-20-2009,
27-Shvat,Feb-21-2009,
28-Shvat,Feb-22-2009,
29-Shvat,Feb-23-2009,
30-Shvat,Feb-24-2009,
1-Adar,Feb-25-2009,
2-Adar,Feb-26-2009,
3-Adar,Feb-27-2009,
4-Adar,Feb-28-2009,
5-Adar,Mar-01-2009,
6-Adar,Mar-02-2009,
7-Adar,Mar-03-2009,
8-Adar,Mar-04-2009,
9-Adar,Mar-05-2009,
10-Adar,Mar-06-2009,
11-Adar,Mar-07-2009,
12-Adar,Mar-08-2009,
13-Adar,Mar-09-2009,
14-Adar,Mar-10-2009,
15-Adar,Mar-11-2009,
16-Adar,Mar-12-2009,
17-Adar,Mar-13-2009,
18-Adar,Mar-14-2009,
19-Adar,Mar-15-2009,
20-Adar,Mar-16-2009,
21-Adar,Mar-17-2009,
22-Adar,Mar-18-2009,
23-Adar,Mar-19-2009,
24-Adar,Mar-20-2009,
25-Adar,Mar-21-2009,
26-Adar,Mar-22-2009,
27-Adar,Mar-23-2009,
28-Adar,Mar-24-2009,
29-Adar,Mar-25-2009,
1-Nisan,Mar-26-2009,
2-Nisan,Mar-27-2009,
3-Nisan,Mar-28-2009,
4-Nisan,Mar-29-2009,
5-Nisan,Mar-30-2009,
6-Nisan,Mar-31-2009,
7-Nisan,Apr-01-2009,
8-Nisan,Apr-02-2009,
9-Nisan,Apr-03-2009,
10-Nisan,Apr-04-2009,
11-Nisan,Apr-05-2009,
12-Nisan,Apr-06-2009,
13-Nisan,Apr-07-2009,
14-Nisan,Apr-08-2009,
15-Nisan,Apr-09-2009,
16-Nisan,Apr-10-2009,
17-Nisan,Apr-11-2009,
18-Nisan,Apr-12-2009,
19-Nisan,Apr-13-2009,
20-Nisan,Apr-14-2009,
21-Nisan,Apr-15-2009,
22-Nisan,Apr-16-2009,
23-Nisan,Apr-17-2009,
24-Nisan,Apr-18-2009,
25-Nisan,Apr-19-2009,
26-Nisan,Apr-20-2009,
27-Nisan,Apr-21-2009,
28-Nisan,Apr-22-2009,
29-Nisan,Apr-23-2009,
30-Nisan,Apr-24-2009,
1-Iyar,Apr-25-2009,
2-Iyar,Apr-26-2009,
3-Iyar,Apr-27-2009,
4-Iyar,Apr-28-2009,
5-Iyar,Apr-29-2009,
6-Iyar,Apr-30-2009,
7-Iyar,May-01-2009,
8-Iyar,May-02-2009,
9-Iyar,May-03-2009,
10-Iyar,May-04-2009,
11-Iyar,May-05-2009,
12-Iyar,May-06-2009,
13-Iyar,May-07-2009,
14-Iyar,May-08-2009,
15-Iyar,May-09-2009,
16-Iyar,May-10-2009,
17-Iyar,May-11-2009,
18-Iyar,May-12-2009,4:44:52
19-Iyar,May-13-2009,4:44:12
20-Iyar,May-14-2009,
21-Iyar,May-15-2009,
22-Iyar,May-16-2009,
23-Iyar,May-17-2009,
24-Iyar,May-18-2009,
25-Iyar,May-19-2009,
26-Iyar,May-20-2009,
27-Iyar,May-21-2009,
28-Iyar,May-22-2009,
29-Iyar,May-23-2009,
1-Sivan,May-24-2009,
2-Sivan,May-25-2009,
3-Sivan,May-26-2009,
4-Sivan,May-27-2009,
5-Sivan,May-28-2009,
6-Sivan,May-29-2009,
7-Sivan,May-30-2009,
8-Sivan,May-31-2009,
9-Sivan,Jun-01-2009,
10-Sivan,Jun-02-2009,4:35:39
11-Sivan,Jun-03-2009,4:35:28
12-Sivan,Jun-04-2009,4:35:17
13-Sivan,Jun-05-2009,4:35:02
14-Sivan,Jun-06-2009,
15-Sivan,Jun-07-2009,4:34:49
16-Sivan,Jun-08-2009,4:34:54
17-Sivan,Jun-09-2009,
18-Sivan,Jun-10-2009,
19-Sivan,Jun-11-2009,4:34:59
20-Sivan,Jun-12-2009,4:34:54
21-Sivan,Jun-13-2009,
22-Sivan,Jun-14-2009,4:34:53
23-Sivan,Jun-15-2009,4:35:00
24-Sivan,Jun-16-2009,4:35:02
25-Sivan,Jun-17-2009,4:35:05
26-Sivan,Jun-18-2009,
27-Sivan,Jun-19-2009,4:35:28
28-Sivan,Jun-20-2009,
29-Sivan,Jun-21-2009,4:35:54
30-Sivan,Jun-22-2009,4:36:05
1-Tamuz,Jun-23-2009,4:36:25
2-Tamuz,Jun-24-2009,
3-Tamuz,Jun-25-2009,4:36:55
4-Tamuz,Jun-26-2009,
5-Tamuz,Jun-27-2009,
6-Tamuz,Jun-28-2009,
7-Tamuz,Jun-29-2009,4:38:09
8-Tamuz,Jun-30-2009,
9-Tamuz,Jul-01-2009,
10-Tamuz,Jul-02-2009,
11-Tamuz,Jul-03-2009,4:39:44
12-Tamuz,Jul-04-2009,
13-Tamuz,Jul-05-2009,
14-Tamuz,Jul-06-2009,
15-Tamuz,Jul-07-2009,4:41:24
16-Tamuz,Jul-08-2009,
17-Tamuz,Jul-09-2009,
18-Tamuz,Jul-10-2009,
19-Tamuz,Jul-11-2009,
20-Tamuz,Jul-12-2009,4:43:51
21-Tamuz,Jul-13-2009,4:44:20
22-Tamuz,Jul-14-2009,
23-Tamuz,Jul-15-2009,
24-Tamuz,Jul-16-2009,4:45:51
25-Tamuz,Jul-17-2009,4:46:18
26-Tamuz,Jul-18-2009,
27-Tamuz,Jul-19-2009,
28-Tamuz,Jul-20-2009,
29-Tamuz,Jul-21-2009,
1-Av,Jul-22-2009,
2-Av,Jul-23-2009,
3-Av,Jul-24-2009,4:50:30
4-Av,Jul-25-2009,
5-Av,Jul-26-2009,4:51:25
6-Av,Jul-27-2009,4:52:15
7-Av,Jul-28-2009,4:53:11
8-Av,Jul-29-2009,
9-Av,Jul-30-2009,
10-Av,Jul-31-2009,
11-Av,Aug-01-2009,
12-Av,Aug-02-2009,4:56:10
13-Av,Aug-03-2009,4:56:51
14-Av,Aug-04-2009,
15-Av,Aug-05-2009,4:58:15
16-Av,Aug-06-2009,
17-Av,Aug-07-2009,4:59:56
18-Av,Aug-08-2009,
19-Av,Aug-09-2009,
20-Av,Aug-10-2009,
21-Av,Aug-11-2009,
22-Av,Aug-12-2009,
23-Av,Aug-13-2009,5:03:37
24-Av,Aug-14-2009,
25-Av,Aug-15-2009,
26-Av,Aug-16-2009,
27-Av,Aug-17-2009,
28-Av,Aug-18-2009,
29-Av,Aug-19-2009,5:07:06
30-Av,Aug-20-2009,5:07:45
1-Elul,Aug-21-2009,
2-Elul,Aug-22-2009,
3-Elul,Aug-23-2009,5:09:38
4-Elul,Aug-24-2009,5:10:07
5-Elul,Aug-25-2009,
6-Elul,Aug-26-2009,
7-Elul,Aug-27-2009,
8-Elul,Aug-28-2009,
9-Elul,Aug-29-2009,
10-Elul,Aug-30-2009,
11-Elul,Aug-31-2009,
12-Elul,Sep-01-2009,5:14:50
13-Elul,Sep-02-2009,5:15:20
14-Elul,Sep-03-2009,
15-Elul,Sep-04-2009,
16-Elul,Sep-05-2009,
17-Elul,Sep-06-2009,
18-Elul,Sep-07-2009,
19-Elul,Sep-08-2009,
20-Elul,Sep-09-2009,
21-Elul,Sep-10-2009,
22-Elul,Sep-11-2009,
23-Elul,Sep-12-2009,
24-Elul,Sep-13-2009,
25-Elul,Sep-14-2009,
26-Elul,Sep-15-2009,
27-Elul,Sep-16-2009,
28-Elul,Sep-17-2009,
29-Elul,Sep-18-2009,
1-Tishrey,Sep-19-2009,
2-Tishrey,Sep-20-2009,
3-Tishrey,Sep-21-2009,
4-Tishrey,Sep-22-2009,
5-Tishrey,Sep-23-2009,
6-Tishrey,Sep-24-2009,
7-Tishrey,Sep-25-2009,
8-Tishrey,Sep-26-2009,
9-Tishrey,Sep-27-2009,
10-Tishrey,Sep-28-2009,
11-Tishrey,Sep-29-2009,
12-Tishrey,Sep-30-2009,
13-Tishrey,Oct-01-2009,
14-Tishrey,Oct-02-2009,
15-Tishrey,Oct-03-2009,
16-Tishrey,Oct-04-2009,
17-Tishrey,Oct-05-2009,5:35:42
18-Tishrey,Oct-06-2009,
19-Tishrey,Oct-07-2009,
20-Tishrey,Oct-08-2009,
21-Tishrey,Oct-09-2009,
22-Tishrey,Oct-10-2009,
23-Tishrey,Oct-11-2009,
24-Tishrey,Oct-12-2009,
25-Tishrey,Oct-13-2009,
26-Tishrey,Oct-14-2009,
27-Tishrey,Oct-15-2009,
28-Tishrey,Oct-16-2009,
29-Tishrey,Oct-17-2009,
30-Tishrey,Oct-18-2009,
1-Chesvan,Oct-19-2009,
2-Chesvan,Oct-20-2009,
3-Chesvan,Oct-21-2009,
4-Chesvan,Oct-22-2009,
5-Chesvan,Oct-23-2009,
6-Chesvan,Oct-24-2009,
7-Chesvan,Oct-25-2009,
8-Chesvan,Oct-26-2009,
9-Chesvan,Oct-27-2009,
10-Chesvan,Oct-28-2009,
11-Chesvan,Oct-29-2009,
12-Chesvan,Oct-30-2009,
13-Chesvan,Oct-31-2009,
14-Chesvan,Nov-01-2009,
15-Chesvan,Nov-02-2009,
16-Chesvan,Nov-03-2009,
17-Chesvan,Nov-04-2009,
18-Chesvan,Nov-05-2009,
19-Chesvan,Nov-06-2009,
20-Chesvan,Nov-07-2009,
21-Chesvan,Nov-08-2009,
22-Chesvan,Nov-09-2009,
23-Chesvan,Nov-10-2009,
24-Chesvan,Nov-11-2009,
25-Chesvan,Nov-12-2009,
26-Chesvan,Nov-13-2009,
27-Chesvan,Nov-14-2009,
28-Chesvan,Nov-15-2009,
29-Chesvan,Nov-16-2009,
30-Chesvan,Nov-17-2009,
1-Kislev,Nov-18-2009,
2-Kislev,Nov-19-2009,6:11:08
3-Kislev,Nov-20-2009,
4-Kislev,Nov-21-2009,
5-Kislev,Nov-22-2009,6:13:20
6-Kislev,Nov-23-2009,6:14:21
7-Kislev,Nov-24-2009,
8-Kislev,Nov-25-2009,
9-Kislev,Nov-26-2009,
10-Kislev,Nov-27-2009,
11-Kislev,Nov-28-2009,
12-Kislev,Nov-29-2009,
13-Kislev,Nov-30-2009,
14-Kislev,Dec-01-2009,
15-Kislev,Dec-02-2009,6:21:40
16-Kislev,Dec-03-2009,
17-Kislev,Dec-04-2009,
18-Kislev,Dec-05-2009,
19-Kislev,Dec-06-2009,
20-Kislev,Dec-07-2009,
21-Kislev,Dec-08-2009,
22-Kislev,Dec-09-2009,
23-Kislev,Dec-10-2009,
24-Kislev,Dec-11-2009,
25-Kislev,Dec-12-2009,
26-Kislev,Dec-13-2009,
27-Kislev,Dec-14-2009,
28-Kislev,Dec-15-2009,
29-Kislev,Dec-16-2009,
30-Kislev,Dec-17-2009,
1-Teves,Dec-18-2009,
2-Teves,Dec-19-2009,
3-Teves,Dec-20-2009,
4-Teves,Dec-21-2009,
5-Teves,Dec-22-2009,
6-Teves,Dec-23-2009,
7-Teves,Dec-24-2009,
8-Teves,Dec-25-2009,
9-Teves,Dec-26-2009,
10-Teves,Dec-27-2009,
11-Teves,Dec-28-2009,6:37:12
12-Teves,Dec-29-2009,
13-Teves,Dec-30-2009,
14-Teves,Dec-31-2009,